url_path,views_total,views_unique
/grp-bork/samestr_flow,4,3
/grp-bork/samestr_flow/tree/main/metaphlow,3,3
/grp-bork/samestr_flow/tree/main,3,2
/grp-bork/samestr_flow/releases,3,1
/grp-bork/samestr_flow/blob/main/metaphlow/workflows/samestr.nf,2,2
/grp-bork/samestr_flow/tree/main/metaphlow/workflows,2,2
/grp-bork/samestr_flow/blob/main/docs/nevermore.svg,2,1
/grp-bork/samestr_flow/blob/main/README.md,1,1
/grp-bork/samestr_flow/blob/main/docs/output.md,1,1
/grp-bork/samestr_flow/blob/main/docs/samestr_subworkflow.svg,1,1
